{"cameraMode":{"drawMode":31,"name":"Sprite Mask","section":"Miscellaneous"},"sceneLighting":false,"audioPlay":false,"sceneViewState":{"showFog":true,"showMaterialUpdate":false,"showSkybox":false,"showFlares":true,"showImageEffects":true,"showParticleSystems":true},"in2DMode":false,"pivot":{"x":0.8508949279785156,"y":0.6325303316116333,"z":-9.631808280944825},"rotation":{"x":-0.2551567554473877,"y":-0.04664525389671326,"z":0.012359890155494213,"w":-0.9657366275787354},"size":0.6646097898483276,"orthographic":true}